"id";"name";"email";"gender";"salary";"department"
1;"Felicle";"fbleeze0@nps.gov";"Female";84054;"Business Development"
2;"Arlyn";"aaxby1@rediff.com";"Female";69426;"Sales"
3;"Jock";"jshortcliffe2@intel.com";"Male";64734;"Sales"
4;"Ula";"uhartington3@ucla.edu";"Female";34337;"Marketing"
5;"Dean";"dphear4@elpais.com";"Male";31075;"Marketing"
6;"Hernando";"hridgers5@bloglines.com";"Male";66433;"Services"
7;"Candice";"cmoresby6@biglobe.ne.jp";"Female";49032;"Training"
8;"D'arcy";"dfripp7@marketwatch.com";"Male";71839;"Training"
9;"Rollie";"rcomberbach8@biglobe.ne.jp";"Male";85719;"Services"
10;"Brody";"blethcoe9@opera.com";"Male";78068;"Human Resources"
11;"Powell";"pveala@nih.gov";"Male";26026;"Accounting"
12;"Linell";"lhannigerb@ning.com";"Female";52474;"Training"
13;"Datha";"dgirodierc@ask.com";"Genderfluid";45302;"Business Development"
14;"Tonya";"thalseyd@independent.co.uk";"Female";25593;"Sales"
15;"Corabel";"cberntssene@topsy.com";"Non-binary";98870;"Business Development"
16;"Corrinne";"cfuscof@geocities.com";"Agender";57318;"Engineering"
17;"Casi";"ccanadag@ihg.com";"Female";36471;"Marketing"
18;"Estelle";"eshillabearh@netlog.com";"Female";74467;"Services"
19;"Lawton";"lhandlini@berkeley.edu";"Male";48817;"Training"
20;"Henrie";"hmcgrortyj@ox.ac.uk";"Female";89393;"Product Management"
21;"Petronilla";"pcruikshanksk@dmoz.org";"Female";55797;"Engineering"
22;"Vlad";"vteresel@dot.gov";"Male";82203;"Product Management"
23;"Haleigh";"hsergeanm@symantec.com";"Female";65645;"Legal"
24;"Valentia";"vbridaln@msu.edu";"Female";44680;"Legal"
25;"Conny";"cpandieo@whitehouse.gov";"Female";26902;"Business Development"
26;"Merla";"mdemitrip@amazon.co.uk";"Female";61056;"Support"
27;"Laure";"lpattemoreq@addthis.com";"Female";50493;"Business Development"
28;"Marisa";"mcharonr@nydailynews.com";"Female";32491;"Marketing"
29;"Massimo";"mtrevainss@nyu.edu";"Male";85020;"Product Management"
30;"Murdoch";"mstanyant@washington.edu";"Male";33469;"Legal"
31;"Claudell";"coswellu@dmoz.org";"Male";75303;"Human Resources"
32;"Riki";"rarntzenv@fda.gov";"Female";77241;"Services"
33;"Augusto";"adurkinw@ehow.com";"Male";90383;"Services"
34;"Natala";"naudasx@archive.org";"Female";26554;"Engineering"
35;"Vittoria";"vmoizery@webeden.co.uk";"Female";52516;"Product Management"
36;"Gilemette";"gdoylendz@live.com";"Female";54513;"Services"
37;"Parke";"pbifield10@statcounter.com";"Male";62678;"Engineering"
38;"Curr";"cespada11@shinystat.com";"Polygender";78484;"Marketing"
39;"Victor";"vsalisbury12@usda.gov";"Male";62325;"Business Development"
40;"Vivien";"vrutley13@wix.com";"Female";60336;"Services"
41;"Starlene";"skidby14@virginia.edu";"Polygender";42951;"Legal"
42;"Flory";"fhartland15@desdev.cn";"Genderqueer";67405;"Sales"
43;"Dore";"dwildman16@booking.com";"Male";49061;"Legal"
44;"Gretchen";"gmcairt17@usda.gov";"Female";98134;"Marketing"
45;"Dorella";"ddurban18@examiner.com";"Female";43608;"Business Development"
46;"Pattie";"pdensham19@sciencedirect.com";"Male";84089;"Sales"
47;"Austin";"azettoi1a@over-blog.com";"Male";43418;"Legal"
48;"Packston";"pfresson1b@fc2.com";"Male";87476;"Product Management"
49;"Nettle";"nclough1c@mysql.com";"Female";41799;"Marketing"
50;"Sofie";"sdoberer1d@japanpost.jp";"Female";68220;"Accounting"
51;"Lloyd";"lclogg1e@nydailynews.com";"Male";39723;"Product Management"
52;"Ermin";"ebuffin1f@cloudflare.com";"Genderfluid";63118;"Human Resources"
53;"Ira";"ithurstan1g@slate.com";"Female";58131;"Marketing"
54;"Nonna";"nsimnett1h@fastcompany.com";"Female";86959;"Training"
55;"Desi";"dcheverell1i@cpanel.net";"Male";62299;"Human Resources"
56;"Sapphira";"scaston1j@clickbank.net";"Female";67380;"Human Resources"
57;"Tera";"tchoke1k@miibeian.gov.cn";"Female";81565;"Human Resources"
58;"Leesa";"lhenderson1l@ucoz.com";"Female";88736;"Legal"
59;"Luigi";"ldelaprelle1m@cbc.ca";"Male";29563;"Sales"
60;"Adriano";"amcquirter1n@blogtalkradio.com";"Male";99653;"Sales"
61;"Andrey";"avlahos1o@unc.edu";"Male";96286;"Legal"
62;"Regan";"rmaple1p@ning.com";"Male";38589;"Support"
63;"Berenice";"bcrake1q@hud.gov";"Female";40168;"Business Development"
64;"Xaviera";"xhapgood1r@infoseek.co.jp";"Female";98010;"Training"
65;"De witt";"djukubczak1s@360.cn";"Male";98830;"Training"
66;"Charlotta";"crafe1t@netlog.com";"Female";40436;"Legal"
67;"May";"mgibbings1u@google.es";"Female";90398;"Support"
68;"Ceciley";"cblagden1v@jimdo.com";"Female";56516;"Training"
69;"Hillel";"hshaplin1w@ameblo.jp";"Male";76719;"Sales"
70;"Theodore";"trowledge1x@vk.com";"Male";49944;"Marketing"
71;"Henry";"hcaley1y@rediff.com";"Male";59643;"Training"
72;"Filberto";"fpelz1z@constantcontact.com";"Genderfluid";57359;"Training"
73;"Nero";"ngenery20@networkadvertising.org";"Male";48003;"Engineering"
74;"Saunderson";"spail21@trellian.com";"Male";74619;"Sales"
75;"Mose";"mtither22@lulu.com";"Male";77380;"Product Management"
76;"Arvy";"amacranald23@theglobeandmail.com";"Male";53208;"Marketing"
77;"Durante";"derik24@latimes.com";"Male";84387;"Marketing"
78;"Rianon";"rmannakee25@yahoo.com";"Female";54187;"Business Development"
79;"Sue";"svangeffen26@stanford.edu";"Female";59061;"Legal"
80;"Betteanne";"bmunday27@senate.gov";"Female";75254;"Engineering"
81;"Pammy";"pdursley28@pen.io";"Female";64999;"Human Resources"
82;"Raleigh";"rlaity29@t.co";"Male";78996;"Training"
83;"Leena";"lroz2a@myspace.com";"Female";33624;"Legal"
84;"Darby";"dfinney2b@java.com";"Female";33020;"Services"
85;"Wittie";"wmcguinley2c@fda.gov";"Polygender";92962;"Sales"
86;"Alejoa";"amcgarrity2d@icq.com";"Male";61939;"Sales"
87;"Carley";"cconlon2e@patch.com";"Female";42627;"Human Resources"
88;"Ertha";"ecaffrey2f@hostgator.com";"Female";53794;"Research and Development"
89;"Basil";"bbrimner2g@blogspot.com";"Male";62885;"Business Development"
90;"Dari";"dgilby2h@thetimes.co.uk";"Female";32899;"Human Resources"
91;"Frazier";"fgras2i@flavors.me";"Male";52722;"Accounting"
92;"Briggs";"bantoons2j@reddit.com";"Male";73284;"Research and Development"
93;"Sibeal";"searie2k@gmpg.org";"Female";85331;"Accounting"
94;"Sibyl";"sannell2l@xing.com";"Female";37430;"Engineering"
95;"Stavro";"slambotin2m@adobe.com";"Male";56609;"Product Management"
96;"Kali";"kdalziel2n@businessweek.com";"Female";99662;"Sales"
97;"Emmaline";"ekeetley2o@gov.uk";"Female";87979;"Engineering"
98;"Angel";"akovacs2p@elegantthemes.com";"Male";65251;"Accounting"
99;"Mylo";"mmcjury2q@flavors.me";"Male";74937;"Business Development"
100;"Shanan";"sedinburough2r@buzzfeed.com";"Genderqueer";70924;"Support"
101;"Brooks";"bcruickshank2s@redcross.org";"Female";99967;"Human Resources"
102;"Zebadiah";"zskally2t@salon.com";"Male";71152;"Marketing"
103;"Sybil";"sharpur2u@mediafire.com";"Female";25641;"Legal"
104;"Dorthy";"dwozencroft2v@sina.com.cn";"Female";30341;"Marketing"
105;"Idette";"iprobet2w@soundcloud.com";"Female";89093;"Engineering"
106;"Nollie";"nswatridge2x@mac.com";"Female";63022;"Support"
107;"Janetta";"jcaney2y@craigslist.org";"Female";48332;"Engineering"
108;"Andres";"adezuani2z@comsenz.com";"Male";81022;"Human Resources"
109;"Emlyn";"egoering30@prweb.com";"Male";62724;"Services"
110;"Thoma";"tduker31@sina.com.cn";"Male";95610;"Services"
111;"Jeno";"jledgister32@deviantart.com";"Male";87838;"Services"
112;"Bride";"btabourel33@noaa.gov";"Female";39701;"Research and Development"
113;"Haskell";"hprestney34@marriott.com";"Male";29131;"Support"
114;"Dew";"dcowpe35@biblegateway.com";"Male";29524;"Accounting"
115;"Hewett";"hmonier36@arstechnica.com";"Male";77284;"Research and Development"
116;"Yorgos";"ylening37@disqus.com";"Male";89646;"Services"
117;"Shurlocke";"sdincke38@gmpg.org";"Male";28753;"Services"
118;"Aloysius";"akermott39@hostgator.com";"Polygender";95964;"Training"
119;"Yvonne";"yhritzko3a@dedecms.com";"Female";78920;"Marketing"
120;"Bernie";"bogborn3b@apple.com";"Female";28220;"Legal"
121;"Robb";"rtutsell3c@yolasite.com";"Agender";56771;"Human Resources"
122;"Ruttger";"rmeddick3d@issuu.com";"Male";93239;"Support"
123;"Olimpia";"omclachlan3e@mac.com";"Female";79229;"Human Resources"
124;"Enrico";"eandren3f@abc.net.au";"Male";76999;"Services"
125;"Merla";"mdanzelman3g@jimdo.com";"Female";40535;"Training"
126;"Kean";"kwalmsley3h@jugem.jp";"Male";52305;"Research and Development"
127;"Nessy";"nyatman3i@dot.gov";"Female";84011;"Research and Development"
128;"Wendye";"wriddick3j@epa.gov";"Female";38999;"Training"
129;"Rycca";"rlace3k@tmall.com";"Female";43851;"Legal"
130;"Merwyn";"mrebichon3l@plala.or.jp";"Agender";66212;"Training"
131;"Erasmus";"ebaldung3m@ask.com";"Male";25410;"Accounting"
132;"Rance";"rvannozzii3n@printfriendly.com";"Male";90822;"Legal"
133;"Marianna";"mruseworth3o@state.tx.us";"Female";74447;"Engineering"
134;"Dorice";"dmordey3p@netscape.com";"Female";86263;"Engineering"
135;"Harrison";"hedge3q@taobao.com";"Male";26751;"Services"
136;"Hersh";"hlebreton3r@webeden.co.uk";"Male";81407;"Support"
137;"Giraud";"gmcgaw3s@ask.com";"Male";73235;"Training"
138;"Dacie";"dasel3t@admin.ch";"Female";27195;"Training"
139;"Jorge";"jkrishtopaittis3u@weibo.com";"Male";70001;"Services"
140;"Korney";"krush3v@elpais.com";"Female";52333;"Support"
141;"Sela";"sgivens3w@angelfire.com";"Female";94173;"Training"
142;"Clarabelle";"cgonzales3x@example.com";"Female";65302;"Legal"
143;"Betsey";"bferebee3y@webs.com";"Female";71040;"Engineering"
144;"Culley";"cnibloe3z@comcast.net";"Male";50040;"Training"
145;"Timmie";"tmeiklejohn40@usgs.gov";"Non-binary";67285;"Marketing"
146;"Isidore";"ifortie41@diigo.com";"Bigender";86594;"Legal"
147;"Griswold";"gwelford42@people.com.cn";"Male";68363;"Marketing"
148;"Eldin";"ebatho43@cbc.ca";"Male";81703;"Legal"
149;"Adelbert";"aamorine44@cnn.com";"Male";88296;"Research and Development"
150;"Mercy";"mhavill45@163.com";"Female";85259;"Human Resources"
151;"Susannah";"srugiero46@about.me";"Female";45224;"Marketing"
152;"Karie";"kmilius47@si.edu";"Female";87329;"Business Development"
153;"Leigh";"lgwin48@youtu.be";"Female";56259;"Engineering"
154;"Cristie";"cboor49@wired.com";"Female";59316;"Legal"
155;"Holmes";"hwhytock4a@sakura.ne.jp";"Male";64394;"Legal"
156;"Asia";"abevis4b@nytimes.com";"Female";29541;"Training"
157;"Rozalie";"rpittaway4c@usa.gov";"Female";58704;"Sales"
158;"Frank";"ffeehily4d@xrea.com";"Female";60817;"Human Resources"
159;"Demetris";"dsorey4e@netvibes.com";"Male";71945;"Legal"
160;"Petey";"pnowick4f@nifty.com";"Agender";33363;"Accounting"
161;"Naomi";"ntorrance4g@freewebs.com";"Genderfluid";43919;"Accounting"
162;"Jesselyn";"jgoldsbrough4h@yandex.ru";"Female";61513;"Accounting"
163;"Lauralee";"ldownes4i@trellian.com";"Non-binary";73292;"Support"
164;"Errick";"eroman4j@businessinsider.com";"Male";26288;"Marketing"
165;"Fredric";"fchatel4k@icq.com";"Male";85615;"Research and Development"
166;"Hildegaard";"henrique4l@arstechnica.com";"Female";77063;"Sales"
167;"Whitney";"warnault4m@ow.ly";"Male";50846;"Marketing"
168;"Amalea";"azmitruk4n@usda.gov";"Female";26994;"Business Development"
169;"Belinda";"bmacaskie4o@bluehost.com";"Female";70920;"Research and Development"
170;"Melinde";"mmccoll4p@marketwatch.com";"Female";60923;"Research and Development"
171;"Marlee";"maldous4q@histats.com";"Female";90965;"Services"
172;"Gardie";"gmcness4r@upenn.edu";"Male";73499;"Human Resources"
173;"Skipp";"sgarmston4s@redcross.org";"Male";65261;"Training"
174;"Marje";"mmoylan4t@ehow.com";"Female";48787;"Marketing"
175;"Hollie";"holoshkin4u@delicious.com";"Female";33923;"Services"
176;"Ruby";"rpheasant4v@virginia.edu";"Female";34011;"Training"
177;"Norean";"nlarmuth4w@issuu.com";"Female";86076;"Sales"
178;"Nathalia";"nharuard4x@histats.com";"Female";63722;"Human Resources"
179;"Emilio";"ebaltzar4y@gnu.org";"Male";96814;"Accounting"
180;"Jessica";"jleclercq4z@google.nl";"Female";59014;"Legal"
181;"Darcee";"dclaessens50@sbwire.com";"Female";76428;"Training"
182;"Tracy";"taseef51@wired.com";"Male";75356;"Support"
183;"Bank";"bnielson52@naver.com";"Male";80569;"Product Management"
184;"Roger";"rmiddle53@usnews.com";"Male";49868;"Accounting"
185;"Evangelia";"egarlicke54@icq.com";"Female";78710;"Support"
186;"Yard";"yhuie55@sfgate.com";"Male";46301;"Legal"
187;"Homere";"hlamborne56@e-recht24.de";"Male";72576;"Accounting"
188;"Randi";"rgrigoriev57@vinaora.com";"Female";66795;"Training"
189;"Tymothy";"toakhill58@wufoo.com";"Male";73643;"Product Management"
190;"Conrade";"cthorlby59@rediff.com";"Male";36766;"Engineering"
191;"Maribeth";"mscamal5a@slate.com";"Female";70998;"Human Resources"
192;"Homer";"hprando5b@360.cn";"Male";33508;"Research and Development"
193;"Hartwell";"hchaize5c@weather.com";"Male";74581;"Research and Development"
194;"Shoshanna";"sneeve5d@vkontakte.ru";"Female";34435;"Accounting"
195;"Tallou";"tjuckes5e@xing.com";"Female";82289;"Support"
196;"Emmet";"ebrockelsby5f@cbc.ca";"Male";40728;"Support"
197;"Nealon";"nwalne5g@scientificamerican.com";"Male";86372;"Engineering"
198;"Rani";"rlongthorn5h@engadget.com";"Female";92199;"Human Resources"
199;"Doro";"dschlag5i@cyberchimps.com";"Female";90153;"Research and Development"
200;"Yevette";"yvolker5j@walmart.com";"Female";40009;"Marketing"
201;"Sheridan";"skeford5k@google.co.uk";"Male";38582;"Research and Development"
202;"Reece";"rcrowdy5l@howstuffworks.com";"Male";84540;"Human Resources"
203;"Eugenia";"ebeachamp5m@nhs.uk";"Female";71781;"Marketing"
204;"Ernest";"egatch5n@miitbeian.gov.cn";"Male";89965;"Business Development"
205;"Brana";"bbossons5o@flavors.me";"Female";74515;"Accounting"
206;"Chantalle";"crealff5p@privacy.gov.au";"Female";82420;"Services"
207;"Halley";"hperry5q@simplemachines.org";"Female";46034;"Engineering"
208;"Randy";"rsilburn5r@cocolog-nifty.com";"Male";30241;"Support"
209;"Anet";"aalesin5s@usnews.com";"Female";98490;"Legal"
210;"Greggory";"ghuguet5t@apache.org";"Male";44376;"Research and Development"
211;"Tracey";"tpie5u@seattletimes.com";"Female";84199;"Legal"
212;"Kassi";"kdevereu5v@mac.com";"Female";79919;"Business Development"
213;"Bondie";"bablott5w@google.ru";"Male";52067;"Training"
214;"Drucy";"dbrehat5x@cornell.edu";"Female";47501;"Marketing"
215;"Wynne";"wcufflin5y@hibu.com";"Female";55408;"Legal"
216;"Morton";"mkiss5z@amazon.co.jp";"Male";67449;"Legal"
217;"Prinz";"pnurdin60@booking.com";"Agender";50719;"Legal"
218;"Marga";"mnutton61@google.es";"Female";71326;"Marketing"
219;"Teirtza";"tcullingford62@edublogs.org";"Female";69264;"Marketing"
220;"Ryan";"rvoysey63@ycombinator.com";"Male";54209;"Human Resources"
221;"Asher";"aomailey64@lycos.com";"Male";69550;"Support"
222;"Emily";"emarriner65@alibaba.com";"Female";73077;"Marketing"
223;"Deck";"dpahlsson66@yahoo.com";"Male";43385;"Training"
224;"Grantley";"gedgett67@alexa.com";"Male";87805;"Sales"
225;"Ewan";"eedmondson68@tripod.com";"Male";74134;"Human Resources"
226;"Quill";"qtowlson69@scribd.com";"Male";70908;"Sales"
227;"Minne";"mberr6a@cbslocal.com";"Female";89220;"Sales"
228;"Tomasina";"tleithgoe6b@gravatar.com";"Female";34845;"Business Development"
229;"Catha";"coneligan6c@clickbank.net";"Female";71806;"Business Development"
230;"Marc";"mfeak6d@alexa.com";"Male";33766;"Human Resources"
231;"Christalle";"cdjakovic6e@engadget.com";"Female";97605;"Training"
232;"Chancey";"cmonkhouse6f@pbs.org";"Male";72167;"Research and Development"
233;"Inger";"igoldspink6g@geocities.jp";"Male";78126;"Marketing"
234;"Dina";"dtarquini6h@un.org";"Female";53656;"Research and Development"
235;"Virgilio";"vsanchez6i@sun.com";"Male";87319;"Training"
236;"Phebe";"pfortnon6j@forbes.com";"Female";55970;"Engineering"
237;"Alice";"achamp6k@ihg.com";"Female";50564;"Product Management"
238;"Peg";"pculter6l@constantcontact.com";"Female";40543;"Services"
239;"Kristen";"kaldhous6m@pbs.org";"Female";69408;"Research and Development"
240;"Winnah";"waitkin6n@state.tx.us";"Female";46838;"Marketing"
241;"Bridie";"bklaff6o@wired.com";"Female";77714;"Marketing"
242;"Bertina";"bdixcee6p@epa.gov";"Female";97346;"Training"
243;"Janeva";"jsegeswoeth6q@virginia.edu";"Female";29451;"Services"
244;"Cassandre";"ccluitt6r@wikipedia.org";"Agender";43281;"Accounting"
245;"Shalna";"supcraft6s@ebay.co.uk";"Female";65614;"Sales"
246;"Cori";"cburburough6t@paypal.com";"Male";30489;"Research and Development"
247;"Cliff";"cruffey6u@yelp.com";"Male";25922;"Sales"
248;"Filip";"ftrimming6v@delicious.com";"Male";45691;"Support"
249;"Perla";"plongcaster6w@europa.eu";"Female";40124;"Marketing"
250;"Editha";"ebuse6x@phpbb.com";"Female";49358;"Services"
251;"Olav";"ospileman6y@cmu.edu";"Male";31733;"Engineering"
252;"Josephina";"jduckinfield6z@discuz.net";"Female";37605;"Marketing"
253;"Stillmann";"shiorn70@ocn.ne.jp";"Bigender";46695;"Marketing"
254;"Welbie";"wsadgrove71@ed.gov";"Male";38611;"Business Development"
255;"Celinka";"cfairbeard72@cafepress.com";"Female";98148;"Marketing"
256;"Keelia";"kaskaw73@wordpress.com";"Female";52611;"Training"
257;"Sylvester";"sseide74@newyorker.com";"Male";31273;"Support"
258;"Theressa";"tstarling75@biglobe.ne.jp";"Female";41786;"Human Resources"
259;"Aindrea";"avezey76@sohu.com";"Female";28827;"Product Management"
260;"Piotr";"pwestgate77@kickstarter.com";"Male";74696;"Accounting"
261;"Cecil";"cthornewill78@shutterfly.com";"Male";35283;"Services"
262;"Jackqueline";"jocloney79@stanford.edu";"Female";70458;"Training"
263;"Darell";"dkibbe7a@fc2.com";"Female";57077;"Training"
264;"Ariela";"aassante7b@netlog.com";"Female";77743;"Services"
265;"Hiram";"hbould7c@imdb.com";"Male";65951;"Sales"
266;"Penrod";"pgercken7d@discuz.net";"Male";67672;"Legal"
267;"Alena";"ashippam7e@oakley.com";"Female";98937;"Marketing"
268;"Traver";"trennels7f@instagram.com";"Male";60087;"Legal"
269;"Thaddus";"tvallentin7g@amazon.de";"Male";77758;"Training"
270;"Shelagh";"sboyce7h@shinystat.com";"Female";35363;"Training"
271;"Fawnia";"fdedham7i@newsvine.com";"Female";72819;"Engineering"
272;"Dionis";"dhembry7j@example.com";"Female";34356;"Services"
273;"Sanderson";"swalford7k@hostgator.com";"Male";97894;"Research and Development"
274;"Sven";"solden7l@edublogs.org";"Non-binary";93872;"Training"
275;"Juditha";"jbrikner7m@taobao.com";"Polygender";88255;"Engineering"
276;"Sherlock";"skornas7n@theatlantic.com";"Male";73145;"Engineering"
277;"Duane";"deseler7o@wp.com";"Male";43301;"Support"
278;"Morganica";"marnli7p@bizjournals.com";"Female";72010;"Marketing"
279;"Elston";"emathie7q@hc360.com";"Male";31564;"Services"
280;"Jerri";"jsetchell7r@ycombinator.com";"Male";67285;"Support"
281;"Luce";"ledinboro7s@jiathis.com";"Male";62429;"Sales"
282;"Nichole";"nturnpenny7t@e-recht24.de";"Male";68047;"Support"
283;"Philipa";"pjupe7u@hostgator.com";"Female";82444;"Engineering"
284;"Ted";"tjoao7v@amazon.co.jp";"Male";95368;"Services"
285;"Ricardo";"rmccrackem7w@imgur.com";"Male";86096;"Training"
286;"Levey";"llampe7x@yelp.com";"Male";35125;"Engineering"
287;"Lily";"lgault7y@rambler.ru";"Female";67898;"Human Resources"
288;"Alexandre";"astrathern7z@simplemachines.org";"Male";92959;"Sales"
289;"Tabb";"tnials80@ebay.co.uk";"Male";89268;"Sales"
290;"Nial";"njephcott81@example.com";"Male";26345;"Research and Development"
291;"Daryle";"dadamovich82@umn.edu";"Male";91645;"Engineering"
292;"Mina";"mlongworthy83@ft.com";"Female";72569;"Business Development"
293;"Freddi";"fcoakley84@home.pl";"Female";96381;"Marketing"
294;"Verena";"valtimas85@hubpages.com";"Female";40101;"Human Resources"
295;"Dyann";"dnockalls86@umich.edu";"Female";92062;"Product Management"
296;"Manya";"molivetti87@ed.gov";"Female";99888;"Accounting"
297;"Vonnie";"vmordacai88@google.nl";"Female";63668;"Business Development"
298;"Padget";"pkleinert89@hao123.com";"Male";77859;"Legal"
299;"Reinaldos";"rdyshart8a@mail.ru";"Male";98108;"Support"
300;"Lyman";"lstoate8b@google.es";"Male";97385;"Accounting"
301;"Katlin";"ktopling8c@weebly.com";"Bigender";43612;"Engineering"
302;"Patrizio";"psemour8d@go.com";"Male";65786;"Marketing"
303;"Moritz";"mbalshaw8e@bloomberg.com";"Male";85254;"Services"
304;"Ertha";"ebilling8f@amazon.com";"Genderfluid";58984;"Legal"
305;"Hilde";"helsbury8g@who.int";"Female";89248;"Product Management"
306;"Myrilla";"mfaucherand8h@baidu.com";"Genderqueer";35033;"Engineering"
307;"Sully";"snoller8i@mapquest.com";"Male";61701;"Services"
308;"Georgie";"gboomes8j@washington.edu";"Male";37293;"Human Resources"
309;"Germayne";"gjantel8k@tamu.edu";"Male";62976;"Legal"
310;"Zaccaria";"zhumbie8l@statcounter.com";"Male";75920;"Services"
311;"Marjie";"manfrey8m@barnesandnoble.com";"Female";39842;"Human Resources"
312;"Filberto";"feddoes8n@tiny.cc";"Male";25485;"Business Development"
313;"Arlen";"aholburn8o@smh.com.au";"Male";84061;"Accounting"
314;"Konstanze";"kgrinyer8p@wordpress.com";"Female";26537;"Services"
315;"Tuck";"tfeldstein8q@stumbleupon.com";"Male";99289;"Research and Development"
316;"Marion";"mberkelay8r@imdb.com";"Female";72133;"Marketing"
317;"Aura";"amccaull8s@altervista.org";"Female";50642;"Business Development"
318;"Anna-maria";"amcareavey8t@de.vu";"Female";85460;"Human Resources"
319;"Clem";"csangwine8u@hugedomains.com";"Male";96986;"Support"
320;"Konstantin";"kmcmurty8v@illinois.edu";"Male";64748;"Accounting"
321;"Sunny";"sportinari8w@earthlink.net";"Polygender";90591;"Human Resources"
322;"Rozanna";"rhernik8x@tripod.com";"Female";43550;"Legal"
323;"Ranee";"rcherryman8y@fda.gov";"Female";34178;"Engineering"
324;"Corenda";"cforde8z@cargocollective.com";"Female";99144;"Engineering"
325;"Adelaide";"asawford90@statcounter.com";"Female";81084;"Engineering"
326;"Janifer";"jstaniford91@tinypic.com";"Female";49981;"Accounting"
327;"Ciro";"cdevries92@economist.com";"Male";95007;"Accounting"
328;"Brynne";"bludmann93@tripod.com";"Female";73736;"Services"
329;"Franklin";"fharflete94@is.gd";"Male";92049;"Services"
330;"Mano";"mbuchan95@amazon.com";"Male";48764;"Training"
331;"Mareah";"mvery96@amazon.com";"Non-binary";47352;"Research and Development"
332;"Dean";"dstandidge97@hao123.com";"Male";40735;"Support"
333;"Fred";"fparkins98@ibm.com";"Non-binary";28858;"Research and Development"
334;"Ermanno";"eswateridge99@soundcloud.com";"Male";72264;"Engineering"
335;"Slade";"svillaret9a@creativecommons.org";"Male";37439;"Support"
336;"Fredrika";"flovekin9b@yahoo.com";"Female";69139;"Sales"
337;"Townie";"tthomassen9c@imdb.com";"Male";34099;"Legal"
338;"Jereme";"jweathers9d@myspace.com";"Male";62960;"Training"
339;"Giraud";"gthornbarrow9e@nature.com";"Male";50256;"Accounting"
340;"Perla";"pwheeldon9f@sciencedaily.com";"Female";26554;"Services"
341;"Feliza";"flowry9g@last.fm";"Female";41299;"Sales"
342;"Addie";"acochet9h@ox.ac.uk";"Male";51672;"Services"
343;"Val";"vbentke9i@squarespace.com";"Female";62983;"Product Management"
344;"Teodoor";"tquig9j@prweb.com";"Male";41428;"Training"
345;"Frieda";"ffullalove9k@irs.gov";"Female";75979;"Business Development"
346;"Bond";"btimms9l@php.net";"Male";25535;"Marketing"
347;"Albertine";"aalyokhin9m@marriott.com";"Female";68222;"Marketing"
348;"Horatia";"hblewett9n@amazon.co.jp";"Female";25474;"Support"
349;"Henryetta";"hbaskett9o@skyrock.com";"Female";67283;"Human Resources"
350;"Marchelle";"mdeuss9p@barnesandnoble.com";"Female";94354;"Services"
351;"Rem";"rgorse9q@nsw.gov.au";"Male";91758;"Business Development"
352;"Marcelline";"msemon9r@engadget.com";"Female";72384;"Research and Development"
353;"Douglas";"dlockhart9s@is.gd";"Male";98866;"Accounting"
354;"Elga";"epaudin9t@weibo.com";"Female";77339;"Sales"
355;"Eydie";"eohannigan9u@facebook.com";"Agender";92109;"Legal"
356;"Dana";"dhatfull9v@woothemes.com";"Female";76120;"Human Resources"
357;"Corissa";"cnovak9w@indiatimes.com";"Female";59176;"Human Resources"
358;"Homer";"hsporgeon9x@hatena.ne.jp";"Male";44414;"Engineering"
359;"Jarib";"jtheuff9y@technorati.com";"Male";39123;"Human Resources"
360;"Mag";"mskewes9z@cbc.ca";"Female";97309;"Research and Development"
361;"Edmon";"eecclestonea0@va.gov";"Male";32948;"Accounting"
362;"Stanislaw";"sdavsona1@parallels.com";"Male";53853;"Human Resources"
363;"Lita";"lcyplesa2@salon.com";"Female";62809;"Accounting"
364;"Stephie";"sserfatia3@hugedomains.com";"Agender";80615;"Support"
365;"Sid";"skisbeya4@geocities.jp";"Male";29940;"Sales"
366;"Nikita";"nsessera5@yellowbook.com";"Male";85892;"Research and Development"
367;"Joelle";"jgoomesa6@house.gov";"Genderfluid";95268;"Services"
368;"Prent";"pgattya7@com.com";"Male";77049;"Training"
369;"Agosto";"adallana8@springer.com";"Male";45208;"Product Management"
370;"Gypsy";"gfurmagiera9@squarespace.com";"Female";90613;"Legal"
371;"Archaimbaud";"adowsonaa@ca.gov";"Male";38176;"Support"
372;"Hiram";"hpedwellab@noaa.gov";"Male";28381;"Human Resources"
373;"Noelyn";"ningledowac@huffingtonpost.com";"Female";86912;"Product Management"
374;"Barnabas";"bsimmancead@forbes.com";"Male";99906;"Business Development"
375;"Heriberto";"hbutterleyae@cocolog-nifty.com";"Male";96542;"Services"
376;"Adelbert";"apateaf@csmonitor.com";"Male";99934;"Product Management"
377;"Collin";"challihaneag@bluehost.com";"Male";28177;"Marketing"
378;"Eleonore";"eiianonah@msu.edu";"Female";87303;"Legal"
379;"Dorey";"dswatheridgeai@theglobeandmail.com";"Female";34839;"Research and Development"
380;"Rosaleen";"rocurriganaj@jigsy.com";"Female";87700;"Research and Development"
381;"Margarette";"mabbotsak@wordpress.com";"Female";27218;"Legal"
382;"Shea";"speterkenal@state.tx.us";"Male";89065;"Research and Development"
383;"Grove";"gsamwortham@telegraph.co.uk";"Male";87329;"Product Management"
384;"Jobyna";"jputlandan@walmart.com";"Genderfluid";49483;"Research and Development"
385;"Anthony";"ahughesao@census.gov";"Male";25170;"Product Management"
386;"Merrie";"mbanaszczykap@china.com.cn";"Female";74367;"Engineering"
387;"Candice";"cwhitenaq@reverbnation.com";"Female";48416;"Research and Development"
388;"Leeanne";"lhassentar@zdnet.com";"Female";62333;"Product Management"
389;"Una";"ulythgoeas@blogger.com";"Female";32046;"Services"
390;"Oona";"oguittonat@unc.edu";"Female";81609;"Research and Development"
391;"Dacy";"dyankishinau@smugmug.com";"Female";25396;"Services"
392;"Emmy";"evanschafflaerav@upenn.edu";"Male";26311;"Marketing"
393;"Ruprecht";"rcrockfordaw@eepurl.com";"Male";78739;"Marketing"
394;"Gram";"gdanilovichax@cafepress.com";"Male";65507;"Research and Development"
395;"Adolf";"afibbensay@nydailynews.com";"Polygender";86697;"Legal"
396;"Matty";"mstonehouseaz@house.gov";"Male";89223;"Accounting"
397;"Crin";"ccumineb0@ted.com";"Female";65659;"Legal"
398;"Donal";"dcollingwoodb1@marketwatch.com";"Male";51273;"Services"
399;"Carola";"calesinb2@imageshack.us";"Female";91203;"Research and Development"
400;"Salim";"slateyb3@cargocollective.com";"Male";75978;"Engineering"
401;"Garrick";"gsudyb4@hexun.com";"Male";30452;"Sales"
402;"Marissa";"mprittyb5@themeforest.net";"Female";48788;"Accounting"
403;"Ashlan";"akordovanib6@uol.com.br";"Female";77435;"Sales"
404;"Miranda";"mkellogb7@google.es";"Female";40623;"Legal"
405;"Mac";"mshrimplinb8@simplemachines.org";"Male";99926;"Research and Development"
406;"Ricard";"rmealingb9@nps.gov";"Male";68503;"Marketing"
407;"Gusty";"ghostenba@ca.gov";"Bigender";73609;"Product Management"
408;"Dorothy";"dmackelworthbb@hatena.ne.jp";"Female";77656;"Business Development"
409;"Janenna";"jdimitrijevicbc@slideshare.net";"Female";73229;"Training"
410;"Correna";"cmcmenamiebd@usda.gov";"Female";55222;"Human Resources"
411;"Eric";"emillicanbe@bandcamp.com";"Male";50392;"Product Management"
412;"Shina";"sbusebf@china.com.cn";"Female";50320;"Legal"
413;"Manda";"mpelcheurbg@craigslist.org";"Genderfluid";69988;"Sales"
414;"Hesther";"hdumbellbh@sitemeter.com";"Female";69415;"Sales"
415;"Peter";"pfawloebi@census.gov";"Polygender";96402;"Engineering"
416;"Corrie";"cmowenbj@tamu.edu";"Male";86786;"Legal"
417;"Lucias";"ldentonbk@cornell.edu";"Male";89281;"Business Development"
418;"Quinta";"qcasinobl@un.org";"Female";90311;"Services"
419;"Johnathon";"jostbm@cyberchimps.com";"Male";65085;"Accounting"
420;"Arel";"amulderrigbn@alexa.com";"Male";72360;"Services"
421;"Monika";"mskeelsbo@last.fm";"Female";43761;"Sales"
422;"Reuven";"rdaoutbp@gov.uk";"Bigender";26708;"Legal"
423;"Phebe";"pivattbq@guardian.co.uk";"Female";93582;"Accounting"
424;"Ulises";"ubrierleybr@sogou.com";"Male";82263;"Accounting"
425;"Care";"cmcclarencebs@hubpages.com";"Male";86841;"Sales"
426;"Thane";"tknucklesbt@blogtalkradio.com";"Male";32897;"Human Resources"
427;"Angelico";"aloudianbu@creativecommons.org";"Male";44575;"Services"
428;"Lilian";"ldurtnelbv@mail.ru";"Female";70444;"Accounting"
429;"Karlotte";"kshakshaftbw@last.fm";"Female";74774;"Support"
430;"Lorens";"lbofieldbx@lycos.com";"Male";26772;"Accounting"
431;"Barnabe";"bglennieby@cafepress.com";"Male";31890;"Sales"
432;"Myron";"melldredbz@sbwire.com";"Male";56786;"Sales"
433;"Elspeth";"eshurlockc0@themeforest.net";"Female";33402;"Support"
434;"Julianna";"jbromptonc1@scribd.com";"Female";73220;"Marketing"
435;"Arleen";"aiacovoc2@surveymonkey.com";"Female";79614;"Accounting"
436;"Nikolas";"nronnayc3@google.es";"Male";62004;"Services"
437;"Gaston";"ggreenrdec4@t.co";"Male";85575;"Training"
438;"Brook";"bdigwoodc5@delicious.com";"Female";27354;"Marketing"
439;"Fanechka";"fklammtc6@va.gov";"Female";59621;"Business Development"
440;"Bogey";"bbeasleighc7@vinaora.com";"Male";73154;"Human Resources"
441;"Rodger";"rjacquemardc8@godaddy.com";"Male";54880;"Support"
442;"Torey";"tfattorinic9@squarespace.com";"Male";47347;"Legal"
443;"Georgette";"gheadingtonca@blogspot.com";"Female";25426;"Legal"
444;"Liva";"lzecchetticb@walmart.com";"Genderfluid";39071;"Support"
445;"Herbie";"hdeathcc@blogtalkradio.com";"Male";91938;"Accounting"
446;"Cliff";"cmogglecd@de.vu";"Male";72010;"Research and Development"
447;"Xymenes";"xpalmarce@nba.com";"Male";88319;"Product Management"
448;"Sunny";"shuorticcf@cisco.com";"Male";45516;"Support"
449;"Aliza";"awavellcg@yahoo.com";"Female";65575;"Research and Development"
450;"Barton";"bdummiganch@eventbrite.com";"Male";84257;"Training"
451;"Timothee";"tdrainci@google.de";"Male";42141;"Engineering"
452;"Rip";"rhamleycj@ask.com";"Male";68228;"Accounting"
453;"Mirabelle";"mhartfieldck@woothemes.com";"Female";76739;"Legal"
454;"Maggi";"mpydcockcl@typepad.com";"Agender";78568;"Training"
455;"Paige";"psearightcm@nifty.com";"Agender";39453;"Training"
456;"Sibella";"shesselcn@wikimedia.org";"Agender";35817;"Business Development"
457;"Jeffy";"jtheoboldco@slideshare.net";"Male";66097;"Research and Development"
458;"Carmita";"cplowmancp@facebook.com";"Female";55158;"Marketing"
459;"Ruthie";"rponcefordcq@sfgate.com";"Female";45123;"Accounting"
460;"Lora";"lwilcotcr@ustream.tv";"Female";64727;"Business Development"
461;"Niels";"nendscs@marriott.com";"Male";26521;"Research and Development"
462;"Marietta";"mfassetct@scientificamerican.com";"Polygender";25881;"Marketing"
463;"Ellette";"emauncu@histats.com";"Female";70484;"Human Resources"
464;"Carmelina";"cosgodbycv@google.fr";"Female";94329;"Engineering"
465;"Therine";"tattridecw@adobe.com";"Non-binary";43364;"Marketing"
466;"Seana";"steallcx@merriam-webster.com";"Female";30392;"Sales"
467;"Vicky";"vcamdency@ebay.co.uk";"Agender";94018;"Support"
468;"Hodge";"hdeascz@free.fr";"Male";36432;"Sales"
469;"Nickolaus";"ndedmand0@over-blog.com";"Male";31497;"Support"
470;"Eliza";"ewhartonbyd1@people.com.cn";"Bigender";61449;"Research and Development"
471;"Davie";"djadod2@usda.gov";"Male";76342;"Accounting"
472;"Lovell";"ledgerlyd3@samsung.com";"Male";42384;"Engineering"
473;"Marlyn";"mdevaard4@flavors.me";"Female";60636;"Marketing"
474;"Desi";"dburnittd5@sakura.ne.jp";"Male";29314;"Engineering"
475;"Darb";"drelfd6@youtube.com";"Male";30505;"Marketing"
476;"Edvard";"eiacobassid7@1und1.de";"Male";63292;"Human Resources"
477;"Martynne";"mblethynd8@blogspot.com";"Female";31893;"Support"
478;"Emili";"ebushelld9@addtoany.com";"Female";83207;"Engineering"
479;"Heath";"hringwoodda@geocities.jp";"Male";67005;"Sales"
480;"Sarita";"smcleviedb@geocities.jp";"Female";57452;"Training"
481;"Ruperto";"rbenzidc@webnode.com";"Male";84652;"Legal"
482;"Loretta";"lwillesdd@cisco.com";"Female";41368;"Accounting"
483;"Aluino";"afosserdde@army.mil";"Male";83817;"Engineering"
484;"Rowen";"rlinnarddf@yandex.ru";"Male";99671;"Accounting"
485;"Reube";"rbachelordg@tiny.cc";"Male";96200;"Sales"
486;"Ruthe";"rrolesdh@soup.io";"Female";89591;"Legal"
487;"Noni";"nbartloszdi@sfgate.com";"Non-binary";67421;"Accounting"
488;"Lelah";"ldickensdj@omniture.com";"Female";58111;"Human Resources"
489;"Georgeta";"gswetmandk@deliciousdays.com";"Female";75609;"Services"
490;"Gordan";"gblakedendl@mediafire.com";"Male";71435;"Sales"
491;"Dehlia";"daxworthydm@woothemes.com";"Female";64631;"Product Management"
492;"Marin";"mheggmandn@loc.gov";"Female";50572;"Legal"
493;"Zara";"zrestondo@prweb.com";"Female";81384;"Human Resources"
494;"Malchy";"mdowzelldp@dropbox.com";"Male";73207;"Training"
495;"Casandra";"ckarpetsdq@elegantthemes.com";"Female";60302;"Marketing"
496;"Brandice";"bhalsteaddr@pbs.org";"Female";43223;"Business Development"
497;"Antin";"achellenhamds@networksolutions.com";"Male";33892;"Engineering"
498;"Oliver";"oosboldstonedt@time.com";"Male";64691;"Legal"
499;"Brittany";"bmartusewiczdu@cafepress.com";"Female";38393;"Human Resources"
500;"Emilie";"ebrombydv@businessweek.com";"Female";64547;"Human Resources"
501;"Tildy";"tpandeydw@wisc.edu";"Female";77977;"Support"
502;"Robby";"rponterdx@skyrock.com";"Male";38960;"Sales"
503;"Teri";"tdelaeglisedy@craigslist.org";"Female";25935;"Marketing"
504;"Evelyn";"ecarvilladz@apache.org";"Female";30303;"Sales"
505;"Aymer";"acathralle0@addthis.com";"Male";33254;"Research and Development"
506;"Roxy";"rgormane1@uiuc.edu";"Female";58921;"Engineering"
507;"Alon";"afilyushkine2@twitter.com";"Male";42498;"Legal"
508;"Ase";"aportche3@toplist.cz";"Male";37125;"Training"
509;"Joyous";"jalanse4@multiply.com";"Female";94956;"Services"
510;"Ilaire";"imccombee5@networkadvertising.org";"Male";52299;"Research and Development"
511;"Bail";"bshavee6@cbsnews.com";"Male";88735;"Marketing"
512;"Towney";"triggearde7@theatlantic.com";"Male";89803;"Marketing"
513;"Adrea";"ametzinge8@cocolog-nifty.com";"Female";70781;"Support"
514;"Paulina";"ptreslovee9@cornell.edu";"Female";87732;"Product Management"
515;"Hadley";"hpiochea@google.com";"Male";41748;"Marketing"
516;"Suzanna";"spetrowskyeb@army.mil";"Female";51610;"Engineering"
517;"Michael";"mroffeec@mapquest.com";"Male";48731;"Marketing"
518;"De";"dfairested@wikipedia.org";"Female";48203;"Accounting"
519;"Erina";"evallentineee@upenn.edu";"Female";40031;"Human Resources"
520;"Stern";"sneumannef@ucla.edu";"Male";38885;"Business Development"
521;"Lion";"lkubeceg@msu.edu";"Male";39135;"Marketing"
522;"Travis";"tstoteh@yellowpages.com";"Male";52841;"Marketing"
523;"Kalila";"kbeakei@auda.org.au";"Female";67321;"Legal"
524;"Binni";"bmantioneej@answers.com";"Female";90949;"Services"
525;"Barbi";"bsiggeryek@facebook.com";"Female";90707;"Sales"
526;"Heinrik";"hspendloveel@behance.net";"Male";37427;"Research and Development"
527;"Baxy";"bbaulkem@slashdot.org";"Male";39767;"Engineering"
528;"Chickie";"cleneveen@w3.org";"Male";25776;"Product Management"
529;"Finn";"ffigginseo@fda.gov";"Non-binary";62174;"Legal"
530;"Tate";"tlongfellowep@harvard.edu";"Female";71408;"Marketing"
531;"Bar";"bmattasereq@unesco.org";"Male";38992;"Marketing"
532;"Constantina";"cpaulazzier@dmoz.org";"Female";73606;"Accounting"
533;"Elana";"ewrenches@cocolog-nifty.com";"Agender";36670;"Marketing"
534;"Penni";"pkennefordet@squidoo.com";"Female";36236;"Research and Development"
535;"Billy";"bdukereu@indiatimes.com";"Polygender";40224;"Marketing"
536;"Natividad";"ngoucherev@unc.edu";"Female";44666;"Research and Development"
537;"Leif";"lallakerew@sakura.ne.jp";"Male";56261;"Product Management"
538;"Jedd";"jheveyex@webs.com";"Polygender";33398;"Product Management"
539;"Radcliffe";"rladymaney@skype.com";"Male";27861;"Accounting"
540;"Fay";"fmerigonez@weather.com";"Female";89672;"Legal"
541;"Ellis";"ekhomishinf0@dell.com";"Male";42873;"Research and Development"
542;"Hamlin";"hbatterhamf1@drupal.org";"Male";89489;"Training"
543;"Garnette";"glutonf2@dagondesign.com";"Female";95237;"Services"
544;"Amerigo";"agrancherf3@ycombinator.com";"Male";80109;"Sales"
545;"Guillema";"gbeadellf4@tripod.com";"Female";45635;"Accounting"
546;"Wain";"wsonierf5@fastcompany.com";"Male";96303;"Legal"
547;"Belicia";"bpeatheyjohnsf6@blinklist.com";"Female";51113;"Services"
548;"Gayla";"gambrosef7@biglobe.ne.jp";"Female";67466;"Product Management"
549;"Cindy";"ctribblef8@wikimedia.org";"Female";27201;"Support"
550;"Mariann";"mledingtonf9@alibaba.com";"Female";36807;"Research and Development"
551;"Katherina";"kbridgwoodfa@discuz.net";"Female";57259;"Support"
552;"Kerby";"kmoraisfb@oaic.gov.au";"Male";40909;"Business Development"
553;"Nealson";"ncogganfc@cdc.gov";"Male";78874;"Training"
554;"Mahalia";"mwarlawfd@wiley.com";"Female";71219;"Legal"
555;"Rustin";"rpieperfe@ocn.ne.jp";"Male";62317;"Product Management"
556;"Traci";"trumsbyff@webnode.com";"Agender";26664;"Sales"
557;"Kellen";"ksteptoefg@blogtalkradio.com";"Male";86109;"Legal"
558;"Torre";"tburdellfh@cam.ac.uk";"Non-binary";96575;"Marketing"
559;"Lolita";"lzimmerfi@google.ru";"Female";61668;"Product Management"
560;"Jason";"jpaolazzifj@redcross.org";"Male";88577;"Services"
561;"Collin";"clongbothomfk@narod.ru";"Male";81694;"Legal"
562;"Valene";"vbatistellifl@telegraph.co.uk";"Female";33251;"Sales"
563;"Clementina";"ccarnewfm@admin.ch";"Female";44079;"Support"
564;"Antonietta";"alaverackfn@columbia.edu";"Female";76215;"Product Management"
565;"Carleton";"cinsleyfo@blog.com";"Male";51066;"Accounting"
566;"Gilbertine";"gtaltonfp@storify.com";"Female";37671;"Product Management"
567;"Karel";"kbailyfq@hhs.gov";"Non-binary";41068;"Legal"
568;"Ivan";"ialthorpfr@answers.com";"Male";83874;"Legal"
569;"Son";"swildsmithfs@zimbio.com";"Male";45370;"Legal"
570;"Monica";"mmarthenft@amazon.de";"Genderfluid";70229;"Product Management"
571;"Georgeta";"growattfu@example.com";"Female";32177;"Human Resources"
572;"Carleton";"cbullarfv@issuu.com";"Male";77028;"Sales"
573;"Corine";"cjoannicfw@who.int";"Female";33733;"Research and Development"
574;"Field";"fsaltresefx@pbs.org";"Male";38175;"Human Resources"
575;"Christophorus";"cyallowleyfy@diigo.com";"Male";88445;"Legal"
576;"Kattie";"kkinigfz@digg.com";"Female";78224;"Business Development"
577;"Constance";"czinkg0@miitbeian.gov.cn";"Female";57933;"Training"
578;"Elset";"emacshirrieg1@xing.com";"Female";71633;"Marketing"
579;"Tedra";"tclaricoatesg2@arstechnica.com";"Female";67121;"Business Development"
580;"Tobin";"tboundeyg3@wix.com";"Male";64700;"Support"
581;"Nikaniki";"ntorticeg4@lulu.com";"Female";43661;"Legal"
582;"Amalee";"aburrellg5@si.edu";"Female";39204;"Research and Development"
583;"Jonathan";"jdeig6@opera.com";"Male";87911;"Business Development"
584;"Jarrett";"jmcdougleg7@com.com";"Male";26629;"Human Resources"
585;"Laurette";"lkalinskyg8@bloglines.com";"Female";66147;"Engineering"
586;"Carolus";"ctwamleyg9@ucoz.ru";"Male";30460;"Marketing"
587;"Brynne";"bfilippyevga@topsy.com";"Female";90065;"Accounting"
588;"Web";"wansteysgb@themeforest.net";"Male";68287;"Business Development"
589;"Deborah";"dmacenteegc@vkontakte.ru";"Female";33897;"Business Development"
590;"Jodee";"jbaingd@businesswire.com";"Female";67055;"Training"
591;"Malinda";"mloakesge@last.fm";"Female";92635;"Product Management"
592;"Aundrea";"agillanigf@nymag.com";"Polygender";80904;"Support"
593;"Elladine";"eportchgg@yahoo.co.jp";"Female";86843;"Business Development"
594;"Emalia";"eelcottgh@privacy.gov.au";"Female";97291;"Product Management"
595;"Lucio";"lfahrenbachgi@rambler.ru";"Male";80658;"Business Development"
596;"Carolyne";"cmcmurtygj@harvard.edu";"Female";36909;"Support"
597;"Ailbert";"asawdaygk@vk.com";"Agender";39321;"Human Resources"
598;"Timofei";"tklementgl@phpbb.com";"Male";27758;"Support"
599;"Rockey";"rcopemangm@goodreads.com";"Male";99060;"Product Management"
600;"Raviv";"rmacgormangn@virginia.edu";"Male";62648;"Research and Development"
601;"Alli";"acraykgo@opensource.org";"Female";79243;"Support"
602;"Corey";"csheffieldgp@google.ca";"Male";32306;"Sales"
603;"Cristal";"cstickellsgq@vimeo.com";"Polygender";68505;"Marketing"
604;"Kurtis";"kwykesgr@aboutads.info";"Male";28446;"Support"
605;"Bucky";"bbuckettgs@squidoo.com";"Male";50949;"Accounting"
606;"Eugenia";"eantonikgt@purevolume.com";"Female";69291;"Product Management"
607;"Mandel";"mcrookallgu@ocn.ne.jp";"Male";65427;"Engineering"
608;"Benn";"bcaffreygv@1und1.de";"Male";70382;"Services"
609;"Karleen";"kcasellasgw@booking.com";"Female";49408;"Training"
610;"Leonerd";"lmacgaffeygx@nih.gov";"Male";91883;"Legal"
611;"Felizio";"fpfeffelgy@disqus.com";"Male";93465;"Sales"
612;"Dugald";"dcaldergz@salon.com";"Male";40967;"Legal"
613;"Cherlyn";"cpawelkeh0@archive.org";"Female";50764;"Engineering"
614;"Belia";"bstaggsh1@free.fr";"Female";45285;"Human Resources"
615;"Noami";"nstockleh2@mlb.com";"Female";30128;"Business Development"
616;"Bel";"bafieldh3@blogspot.com";"Genderfluid";43293;"Accounting"
617;"Hasty";"hjewesh4@posterous.com";"Male";29902;"Research and Development"
618;"Imogen";"iverrellh5@amazonaws.com";"Female";67492;"Training"
619;"Carla";"chamblyh6@virginia.edu";"Female";97490;"Marketing"
620;"Malvin";"mleinweberh7@kickstarter.com";"Genderqueer";25727;"Engineering"
621;"Jason";"jsiggersh8@blogspot.com";"Male";96727;"Human Resources"
622;"Tomkin";"tbartosinskih9@cnet.com";"Male";97645;"Research and Development"
623;"Wanids";"wheaneyha@jigsy.com";"Female";63795;"Marketing"
624;"Sibylle";"searlyhb@imdb.com";"Female";47137;"Human Resources"
625;"Ofella";"osurphlisshc@feedburner.com";"Female";30643;"Human Resources"
626;"Jeanie";"jgeddishd@ca.gov";"Female";84773;"Research and Development"
627;"Robert";"rjansenshe@pagesperso-orange.fr";"Male";62683;"Support"
628;"Bab";"bstollbergerhf@stanford.edu";"Female";83994;"Sales"
629;"Ulrica";"udickmanhg@unc.edu";"Female";95493;"Marketing"
630;"Leontine";"ltogherhh@yolasite.com";"Female";44324;"Sales"
631;"Reyna";"rmcmanamonhi@google.it";"Non-binary";93403;"Product Management"
632;"Cathlene";"cbelfieldhj@sbwire.com";"Female";87451;"Human Resources"
633;"Sapphira";"sgallagherhk@dailymail.co.uk";"Female";53945;"Business Development"
634;"Bing";"britsonhl@globo.com";"Male";63595;"Business Development"
635;"Jody";"jsetterfieldhm@hubpages.com";"Female";64212;"Human Resources"
636;"Peggi";"pbrunohn@blinklist.com";"Female";91387;"Marketing"
637;"Austin";"agamblinho@eepurl.com";"Female";56128;"Support"
638;"Fairfax";"fugohp@last.fm";"Male";47851;"Training"
639;"Alvy";"agrayhq@macromedia.com";"Male";86079;"Product Management"
640;"Marion";"mmoseshr@theguardian.com";"Female";93664;"Support"
641;"Ezri";"eharlyhs@nba.com";"Male";69494;"Accounting"
642;"Janelle";"jcaberasht@topsy.com";"Female";71474;"Support"
643;"Richmound";"rericssonhu@engadget.com";"Agender";83785;"Support"
644;"Berni";"bpeartreehv@seattletimes.com";"Female";42088;"Marketing"
645;"Florry";"fkellarthw@bizjournals.com";"Female";47909;"Support"
646;"Terrye";"tsweetmanhx@unesco.org";"Female";28652;"Accounting"
647;"Morley";"mcuradohy@ezinearticles.com";"Genderqueer";28571;"Legal"
648;"Earvin";"ejedrzejhz@scientificamerican.com";"Male";90281;"Sales"
649;"Kim";"kbostocki0@qq.com";"Female";61347;"Engineering"
650;"Belicia";"bpetegrewi1@ed.gov";"Genderfluid";77980;"Human Resources"
651;"Van";"vlagei2@nbcnews.com";"Male";44239;"Marketing"
652;"Keslie";"klambertazzii3@example.com";"Female";66386;"Legal"
653;"Rosetta";"rlangdalei4@irs.gov";"Non-binary";84906;"Training"
654;"Gui";"gpenmani5@nsw.gov.au";"Female";34256;"Product Management"
655;"Schuyler";"seborni6@nationalgeographic.com";"Male";64966;"Human Resources"
656;"Vanya";"vrosenaui7@epa.gov";"Male";43487;"Marketing"
657;"Leia";"ldowsei8@goo.gl";"Female";62070;"Accounting"
658;"Rozalie";"rdeantonii9@hud.gov";"Female";47309;"Sales"
659;"Aguie";"amacgounia@cdbaby.com";"Male";78305;"Services"
660;"Rhodia";"rpatchettib@reverbnation.com";"Female";87722;"Support"
661;"Rebekah";"rpenlingtonic@zdnet.com";"Female";77534;"Accounting"
662;"Douglas";"dventhamid@nytimes.com";"Male";68646;"Engineering"
663;"Christophorus";"ckiftie@eventbrite.com";"Male";82086;"Sales"
664;"Trudy";"tgiorgiettoif@lycos.com";"Female";89431;"Engineering"
665;"Leisha";"lfennessyig@t-online.de";"Female";33707;"Business Development"
666;"Leland";"lphilipih@youtu.be";"Female";43085;"Services"
667;"Karilynn";"kmerfinii@elegantthemes.com";"Female";86101;"Engineering"
668;"Christoph";"cfairfoullij@pcworld.com";"Male";94009;"Services"
669;"Rich";"rocosgraik@examiner.com";"Male";62765;"Research and Development"
670;"Ingar";"iryburnil@pcworld.com";"Male";56436;"Business Development"
671;"Isidro";"ilennardim@addthis.com";"Male";29525;"Sales"
672;"Wat";"wformigliin@vkontakte.ru";"Male";69237;"Legal"
673;"Vincents";"vattewellio@prnewswire.com";"Male";85101;"Legal"
674;"Dani";"dharsnipeip@arizona.edu";"Female";74037;"Product Management"
675;"Etan";"eeirwiniq@biglobe.ne.jp";"Male";55371;"Services"
676;"Bucky";"bdaltryir@usa.gov";"Male";47368;"Research and Development"
677;"Berne";"bullockis@bbc.co.uk";"Male";49472;"Sales"
678;"Alysa";"aphillputit@narod.ru";"Female";40371;"Services"
679;"Felipa";"fgoomsiu@cafepress.com";"Polygender";95439;"Accounting"
680;"Gail";"gphelipeauxiv@admin.ch";"Female";80962;"Engineering"
681;"Jori";"jsiggensiw@state.gov";"Female";45384;"Services"
682;"Kristal";"kvipanix@ted.com";"Female";52099;"Business Development"
683;"Dar";"dbeevensiy@howstuffworks.com";"Male";83147;"Business Development"
684;"Keith";"kgilloraniz@icq.com";"Male";26406;"Engineering"
685;"Mariel";"mtourvillej0@walmart.com";"Female";33744;"Training"
686;"Isidore";"irizzoloj1@loc.gov";"Male";77689;"Services"
687;"Kai";"kreublej2@theguardian.com";"Female";85895;"Marketing"
688;"Kim";"kjansenj3@umn.edu";"Male";82611;"Support"
689;"Alberto";"aliasj4@jiathis.com";"Male";61379;"Engineering"
690;"Dulcinea";"dstarrj5@imdb.com";"Female";71047;"Legal"
691;"Ag";"arobesonj6@myspace.com";"Female";62354;"Training"
692;"Milissent";"mbaughnj7@forbes.com";"Bigender";31289;"Legal"
693;"Vannie";"vaddeycottj8@upenn.edu";"Female";88135;"Accounting"
694;"Imogen";"iarnij9@va.gov";"Female";75439;"Business Development"
695;"Elmo";"egoraccija@nymag.com";"Male";97844;"Human Resources"
696;"Jenifer";"jlittlefieldjb@nytimes.com";"Female";77065;"Accounting"
697;"Berti";"badcockjc@hexun.com";"Male";45018;"Marketing"
698;"Ellwood";"eoxterbyjd@google.fr";"Male";59757;"Business Development"
699;"Prissie";"pborlesje@wikimedia.org";"Agender";35543;"Support"
700;"Danie";"dcantojf@rediff.com";"Male";83766;"Business Development"
701;"Torrie";"twhartonbyjg@answers.com";"Genderfluid";58466;"Product Management"
702;"Zahara";"zkennellyjh@reuters.com";"Female";86632;"Research and Development"
703;"Clem";"csawyersji@taobao.com";"Male";86678;"Business Development"
704;"Bo";"bjoynerjj@example.com";"Male";93870;"Research and Development"
705;"Kris";"kvasyushkhinjk@histats.com";"Female";26510;"Training"
706;"Cole";"cbaughenjl@mozilla.com";"Male";80145;"Product Management"
707;"Uta";"ugowansjm@typepad.com";"Non-binary";49366;"Services"
708;"Thorn";"tliftonjn@cafepress.com";"Male";81283;"Support"
709;"Reagen";"rgleadhelljo@yandex.ru";"Male";87322;"Marketing"
710;"Laurice";"lbaudinellijp@dropbox.com";"Female";85611;"Sales"
711;"Vonnie";"vskatesjq@webnode.com";"Female";27930;"Accounting"
712;"Eddi";"eobeejr@netlog.com";"Female";91383;"Engineering"
713;"Adolphus";"atownsendjs@pinterest.com";"Male";27639;"Services"
714;"Velvet";"vsoamejt@walmart.com";"Female";81537;"Business Development"
715;"Leonid";"lmatisju@japanpost.jp";"Male";45747;"Sales"
716;"Artur";"aclealljv@upenn.edu";"Genderfluid";59492;"Product Management"
717;"Merridie";"mredholesjw@usda.gov";"Female";74174;"Human Resources"
718;"Garald";"glicciardojx@ucla.edu";"Male";60081;"Engineering"
719;"Quintin";"qkediejy@devhub.com";"Male";83858;"Training"
720;"Dix";"dpopplestonejz@sciencedaily.com";"Female";36861;"Services"
721;"Kerrin";"kmcbratneyk0@twitpic.com";"Female";60788;"Product Management"
722;"Gilberto";"gferrok1@japanpost.jp";"Male";88141;"Marketing"
723;"Moe";"mblackburnek2@nps.gov";"Male";73331;"Business Development"
724;"Kaspar";"khearnamank3@issuu.com";"Male";40470;"Accounting"
725;"Garland";"gpailk4@quantcast.com";"Female";52271;"Product Management"
726;"Damian";"dregorzk5@bravesites.com";"Male";31191;"Legal"
727;"Jania";"jnapletonk6@nba.com";"Female";47085;"Support"
728;"Perice";"pmourtonk7@wikipedia.org";"Male";68637;"Sales"
729;"King";"klewcockk8@soundcloud.com";"Male";44481;"Research and Development"
730;"Charmian";"cianellik9@businesswire.com";"Female";98808;"Product Management"
731;"Norbie";"ntallowinka@about.me";"Male";80305;"Sales"
732;"Nickey";"nmitroshinovkb@shareasale.com";"Male";30788;"Human Resources"
733;"Cull";"callchinkc@delicious.com";"Male";25978;"Research and Development"
734;"Devinne";"drushmerkd@dailymail.co.uk";"Female";99070;"Legal"
735;"Vale";"valexandrouke@issuu.com";"Male";96175;"Legal"
736;"Missie";"mcushionkf@yale.edu";"Female";48328;"Research and Development"
737;"Cecelia";"ccorradengokg@aol.com";"Female";47031;"Business Development"
738;"Estel";"etremellierkh@tmall.com";"Polygender";78308;"Legal"
739;"Dorothea";"dconechieki@last.fm";"Female";59376;"Services"
740;"Clayborne";"craeburnkj@google.pl";"Male";58186;"Research and Development"
741;"Hillie";"hevelingkk@privacy.gov.au";"Male";88891;"Legal"
742;"Kristofor";"kpreslandkl@ft.com";"Male";77404;"Engineering"
743;"Gratiana";"gcatorkm@oaic.gov.au";"Female";77155;"Human Resources"
744;"Torrance";"tmcgoochkn@harvard.edu";"Male";93650;"Business Development"
745;"Billy";"bshuardko@reddit.com";"Male";56002;"Marketing"
746;"Meriel";"mdebowkp@ask.com";"Female";46489;"Business Development"
747;"Bert";"bmabbotkq@hostgator.com";"Female";41146;"Services"
748;"Weylin";"wjukeskr@yolasite.com";"Male";56321;"Legal"
749;"Paige";"pbuckseyks@fema.gov";"Male";37165;"Training"
750;"Hedi";"hebdenkt@home.pl";"Female";84904;"Support"
751;"Pierson";"ptreebyku@behance.net";"Male";34325;"Business Development"
752;"Tull";"tsmyekv@pinterest.com";"Male";74702;"Legal"
753;"Konrad";"kjaggerskw@earthlink.net";"Male";53622;"Research and Development"
754;"Lexie";"lbumpasskx@amazon.co.jp";"Female";55706;"Services"
755;"Ediva";"eiacobucciky@chronoengine.com";"Female";85391;"Accounting"
756;"Barbabra";"bsullykz@altervista.org";"Genderfluid";95027;"Training"
757;"Cleve";"cchartel0@goodreads.com";"Male";70905;"Marketing"
758;"Aylmer";"aguillermanl1@weather.com";"Male";50110;"Support"
759;"Baxie";"bgoodwinsl2@independent.co.uk";"Male";26746;"Engineering"
760;"Lilias";"lflintuffl3@privacy.gov.au";"Female";51897;"Training"
761;"Shelley";"shankinsl4@who.int";"Female";46411;"Research and Development"
762;"Herta";"hairsl5@webmd.com";"Female";87563;"Legal"
763;"Chickie";"cissardl6@imageshack.us";"Male";25673;"Accounting"
764;"Jacintha";"jrippingalel7@com.com";"Female";58120;"Marketing"
765;"Aloisia";"apretoriusl8@lycos.com";"Female";73451;"Product Management"
766;"Emlyn";"eivshinl9@arstechnica.com";"Female";32169;"Marketing"
767;"Alvan";"alumbersla@sciencedirect.com";"Male";33591;"Product Management"
768;"Amelita";"apatesellb@uol.com.br";"Female";85483;"Human Resources"
769;"Mort";"mperronelc@people.com.cn";"Male";80215;"Accounting"
770;"Michail";"malexsandrovld@pcworld.com";"Bigender";46665;"Product Management"
771;"Giralda";"gcossellle@si.edu";"Female";39144;"Research and Development"
772;"Belita";"bwinchurstlf@odnoklassniki.ru";"Female";77814;"Support"
773;"Gwendolyn";"ghearmonlg@usa.gov";"Polygender";75282;"Legal"
774;"Deanne";"dwoolamlh@chronoengine.com";"Female";91834;"Business Development"
775;"Dav";"dtomainoli@bizjournals.com";"Agender";55418;"Services"
776;"Marylinda";"mswaingerlj@harvard.edu";"Polygender";64738;"Accounting"
777;"Mickie";"mslosslk@auda.org.au";"Female";96749;"Legal"
778;"Clifford";"cdehoogell@t-online.de";"Male";54071;"Training"
779;"Waly";"wwinchcomblm@arizona.edu";"Female";82603;"Marketing"
780;"Elita";"ebeyneln@i2i.jp";"Genderfluid";53175;"Services"
781;"Jacqueline";"jgerrenslo@unblog.fr";"Genderqueer";74182;"Marketing"
782;"Mechelle";"mcruftlp@soup.io";"Female";29054;"Research and Development"
783;"Orelie";"ohancilllq@shareasale.com";"Non-binary";92144;"Training"
784;"Gwennie";"gleatelr@google.nl";"Female";81399;"Human Resources"
785;"Jase";"jtomblesonls@nydailynews.com";"Male";60447;"Support"
786;"Marylynne";"mposthilllt@ft.com";"Non-binary";40580;"Product Management"
787;"Arlen";"akloskalu@yellowpages.com";"Female";59141;"Business Development"
788;"Kristal";"kdahlmanlv@globo.com";"Female";32410;"Business Development"
789;"Chaim";"ctumberlw@1und1.de";"Polygender";71050;"Marketing"
790;"Philipa";"ppiercelx@noaa.gov";"Female";97888;"Marketing"
791;"Jillane";"jabramzonly@pen.io";"Female";71847;"Services"
792;"Bradford";"bballintimelz@cornell.edu";"Male";41115;"Support"
793;"Lukas";"lginnalym0@discovery.com";"Male";63918;"Support"
794;"Pen";"pbeverm1@paypal.com";"Female";38234;"Training"
795;"Melosa";"mwalaronm2@discovery.com";"Female";94624;"Engineering"
796;"Nickolas";"nburlandm3@about.com";"Agender";47727;"Business Development"
797;"Germayne";"gsaffenm4@sohu.com";"Male";99694;"Accounting"
798;"Haily";"hgifkinsm5@weibo.com";"Male";94116;"Sales"
799;"Othilie";"otruettm6@over-blog.com";"Female";88575;"Human Resources"
800;"Ado";"ahalbordm7@ameblo.jp";"Male";41879;"Research and Development"
801;"Rennie";"rfranzewitchm8@addthis.com";"Female";27024;"Human Resources"
802;"Alisander";"arimmingtonm9@paginegialle.it";"Male";74772;"Services"
803;"Leland";"laslenma@drupal.org";"Male";53130;"Services"
804;"Dillie";"droglierimb@cbslocal.com";"Male";73046;"Human Resources"
805;"Leila";"lrobleymc@salon.com";"Female";93177;"Research and Development"
806;"Jarred";"jtallismd@fastcompany.com";"Male";80736;"Marketing"
807;"Cam";"cblibenme@abc.net.au";"Male";86226;"Marketing"
808;"Danit";"dknivetonmf@angelfire.com";"Female";53679;"Engineering"
809;"Farrand";"fdelaguamg@auda.org.au";"Female";25922;"Support"
810;"Cate";"clazellmh@yellowpages.com";"Female";43144;"Product Management"
811;"Cissiee";"ccolvinmi@marketwatch.com";"Female";76760;"Services"
812;"Mahala";"mharlingmj@youtu.be";"Female";25914;"Support"
813;"Kendrick";"kmccarrymk@wix.com";"Male";38787;"Legal"
814;"Ilse";"isongistml@blogtalkradio.com";"Female";39346;"Sales"
815;"Tucker";"trylandsmm@cdbaby.com";"Male";99751;"Legal"
816;"Starlene";"sinstonemn@blog.com";"Female";58715;"Sales"
817;"Nickolaus";"nwindybankmo@indiegogo.com";"Male";53677;"Human Resources"
818;"Nev";"nscurrmp@tiny.cc";"Male";85585;"Accounting"
819;"Bernie";"bberardtmq@bbc.co.uk";"Male";71201;"Product Management"
820;"Roxane";"rcasellamr@forbes.com";"Female";94987;"Engineering"
821;"Dion";"dnowakowskams@patch.com";"Male";28716;"Business Development"
822;"Ardelle";"aschimekmt@digg.com";"Female";71826;"Accounting"
823;"Dicky";"dmathevetmu@sun.com";"Non-binary";52747;"Services"
824;"Kacie";"ktaintonmv@home.pl";"Female";32669;"Engineering"
825;"Filberte";"fbernettemw@163.com";"Male";98760;"Services"
826;"Isacco";"idenisevichmx@cornell.edu";"Male";48043;"Human Resources"
827;"Sari";"sbattsmy@joomla.org";"Female";25778;"Services"
828;"Emmalee";"ecompstonmz@elegantthemes.com";"Female";89802;"Product Management"
829;"Lewiss";"lhelliwelln0@google.com.au";"Male";39189;"Engineering"
830;"Annetta";"acotonn1@devhub.com";"Female";74845;"Research and Development"
831;"Zola";"zgresten2@yahoo.co.jp";"Female";25397;"Product Management"
832;"Teodorico";"taloshkinn3@tiny.cc";"Non-binary";89138;"Human Resources"
833;"Kira";"kaleksandrevn4@shinystat.com";"Agender";54283;"Product Management"
834;"Ambrosio";"alingardn5@wsj.com";"Male";39750;"Business Development"
835;"Fawne";"fneilandn6@t-online.de";"Genderfluid";27086;"Research and Development"
836;"Ezekiel";"ehallardn7@vinaora.com";"Male";25467;"Training"
837;"Berna";"bhradskyn8@nifty.com";"Female";73868;"Support"
838;"Garrick";"gbrixeyn9@mashable.com";"Male";61894;"Human Resources"
839;"Arny";"astorkna@dyndns.org";"Male";97011;"Business Development"
840;"Spike";"setchellnb@usgs.gov";"Male";26187;"Engineering"
841;"Bernardine";"bszwarcnc@yale.edu";"Female";87716;"Human Resources"
842;"Bernadette";"bdestouchend@fda.gov";"Female";83515;"Human Resources"
843;"Cass";"cbiagionine@rediff.com";"Agender";90144;"Sales"
844;"Arvie";"aadamiknf@tamu.edu";"Male";28076;"Product Management"
845;"Brittan";"bhaversonng@deviantart.com";"Genderfluid";92346;"Research and Development"
846;"Bobine";"bsleefordnh@g.co";"Female";56810;"Product Management"
847;"Luz";"levansonni@naver.com";"Non-binary";73438;"Human Resources"
848;"Bree";"bmagennynj@europa.eu";"Female";32700;"Legal"
849;"Gaby";"gbussensnk@cnn.com";"Male";80030;"Research and Development"
850;"Koo";"kspowardnl@wikia.com";"Female";81439;"Services"
851;"Boycie";"bsuggeynm@ucoz.ru";"Male";31239;"Research and Development"
852;"Griffie";"gkratesnn@businessinsider.com";"Male";30849;"Marketing"
853;"Eilis";"eheddanno@pagesperso-orange.fr";"Female";36272;"Product Management"
854;"Antoni";"ayouteadnp@earthlink.net";"Male";96289;"Accounting"
855;"Crissie";"chaillnq@buzzfeed.com";"Female";31532;"Human Resources"
856;"Pete";"pstrachannr@tiny.cc";"Male";25679;"Training"
857;"Renae";"rvanleeuwenns@mayoclinic.com";"Female";94138;"Training"
858;"Ursola";"ustlegernt@si.edu";"Female";32248;"Human Resources"
859;"Terri-jo";"tabbatenu@cdbaby.com";"Female";84949;"Product Management"
860;"Theobald";"tpielenv@hatena.ne.jp";"Male";89600;"Human Resources"
861;"Claudio";"cdronsfieldnw@redcross.org";"Male";95194;"Engineering"
862;"Constance";"cnisuisnx@auda.org.au";"Female";90131;"Research and Development"
863;"Tarra";"tkiffinny@ovh.net";"Female";30513;"Engineering"
864;"Caddric";"csebringnz@goo.gl";"Male";33831;"Support"
865;"Avie";"alockeyo0@dyndns.org";"Genderqueer";26005;"Training"
866;"Finn";"ffeldmessero1@jugem.jp";"Male";44692;"Services"
867;"Bari";"bkalahero2@domainmarket.com";"Female";90700;"Legal"
868;"Carlyn";"cmetschkeo3@wikimedia.org";"Female";66254;"Training"
869;"La verne";"lclinnicko4@reddit.com";"Female";75085;"Marketing"
870;"Waverley";"wpallento5@angelfire.com";"Male";69721;"Marketing"
871;"Robinet";"ryashanovo6@google.it";"Female";71512;"Business Development"
872;"Rodolphe";"rverlindeo7@tamu.edu";"Male";68259;"Research and Development"
873;"Hubie";"hcroomeo8@newsvine.com";"Male";63149;"Business Development"
874;"Svend";"sheakeo9@blogtalkradio.com";"Male";36101;"Services"
875;"Rickey";"rmcfaydenoa@simplemachines.org";"Male";26474;"Sales"
876;"Ab";"adikelinob@psu.edu";"Male";31464;"Support"
877;"Goldia";"gdurantoc@gov.uk";"Female";52048;"Marketing"
878;"Web";"wwyllisod@who.int";"Male";70380;"Marketing"
879;"Mirelle";"mcoxalloe@squarespace.com";"Female";56163;"Human Resources"
880;"Pammy";"pandreouof@wisc.edu";"Female";49389;"Business Development"
881;"Claude";"cdensellog@cloudflare.com";"Female";30489;"Legal"
882;"Paco";"ppirnieoh@hexun.com";"Male";78127;"Accounting"
883;"Estell";"ebreewoodoi@ycombinator.com";"Female";45292;"Human Resources"
884;"Starlene";"sfothergilloj@moonfruit.com";"Female";78373;"Research and Development"
885;"Hope";"hmaxsteadok@privacy.gov.au";"Female";76845;"Legal"
886;"Fairlie";"fcurraghol@about.me";"Male";66516;"Support"
887;"Vite";"vbroxupom@jiathis.com";"Male";46857;"Product Management"
888;"Grenville";"gchouleson@edublogs.org";"Male";50864;"Business Development"
889;"Storm";"scolcomboo@redcross.org";"Female";94025;"Services"
890;"Nye";"ntiltmanop@com.com";"Male";28811;"Business Development"
891;"Kerrie";"khaighoq@hc360.com";"Female";91456;"Support"
892;"Krystal";"kaleksidzeor@zdnet.com";"Non-binary";64099;"Business Development"
893;"Berna";"bbithellos@salon.com";"Female";88200;"Product Management"
894;"Mason";"mstratleyot@fastcompany.com";"Male";43033;"Training"
895;"Daniella";"dbrooksou@sina.com.cn";"Female";41380;"Research and Development"
896;"Roddy";"raumerleov@creativecommons.org";"Male";57685;"Research and Development"
897;"Amandy";"ahuxstepow@dot.gov";"Female";86605;"Human Resources"
898;"Cheslie";"cbondsox@phpbb.com";"Female";97748;"Legal"
899;"Gwyneth";"gbalsdoneoy@walmart.com";"Female";32808;"Marketing"
900;"Domingo";"dgorickoz@comcast.net";"Male";44231;"Accounting"
901;"Derby";"dmacmaykinp0@reddit.com";"Male";83997;"Support"
902;"Krysta";"kingremp1@columbia.edu";"Female";61626;"Human Resources"
903;"Frances";"ftindallp2@topsy.com";"Female";91472;"Human Resources"
904;"Nyssa";"nbirkenshawp3@ucoz.ru";"Polygender";62077;"Marketing"
905;"Boris";"bsharpinp4@cbsnews.com";"Male";74070;"Sales"
906;"Theo";"tspriggp5@trellian.com";"Male";69745;"Marketing"
907;"Margret";"mladdlep6@diigo.com";"Female";43300;"Legal"
908;"Tate";"thacksbyp7@google.com";"Male";54939;"Legal"
909;"Donia";"dbrancap8@google.com.br";"Female";72542;"Human Resources"
910;"Isak";"imalinp9@sfgate.com";"Male";67284;"Engineering"
911;"Liva";"ljoderlipa@purevolume.com";"Female";78826;"Research and Development"
912;"Gerome";"ghundallpb@twitter.com";"Male";55181;"Accounting"
913;"Helenelizabeth";"hcorteneypc@bloglovin.com";"Female";51536;"Sales"
914;"Bunny";"boheagertiepd@slideshare.net";"Female";77283;"Sales"
915;"Rafaelita";"raloshkinpe@scientificamerican.com";"Female";28832;"Support"
916;"Kirk";"kmaclucaispf@creativecommons.org";"Male";94143;"Research and Development"
917;"Jedd";"jvanpg@prlog.org";"Male";94470;"Support"
918;"Trenna";"tchastelph@infoseek.co.jp";"Female";38343;"Legal"
919;"Arleen";"aswetlandpi@lulu.com";"Female";30888;"Business Development"
920;"Toddie";"tgreatbachpj@google.ru";"Male";82882;"Legal"
921;"Thibaud";"tclardgepk@businesswire.com";"Male";46704;"Human Resources"
922;"Jodie";"jelpheypl@nba.com";"Female";87482;"Support"
923;"Nettie";"nwhealpm@apple.com";"Female";44810;"Business Development"
924;"Jolyn";"jferrariopn@e-recht24.de";"Female";99472;"Marketing"
925;"Ardelle";"ameriotpo@answers.com";"Female";46392;"Engineering"
926;"Brit";"bnovakpp@si.edu";"Male";54437;"Engineering"
927;"Tracy";"tbernhartpq@soundcloud.com";"Male";61325;"Human Resources"
928;"Sandra";"sstubbertpr@prweb.com";"Female";57010;"Legal"
929;"Danit";"dpirdueps@hhs.gov";"Genderfluid";98701;"Legal"
930;"Borden";"bivashinpt@epa.gov";"Male";64266;"Human Resources"
931;"Yorke";"yblasdalepu@addthis.com";"Male";70319;"Sales"
932;"Mickie";"mabadepv@slate.com";"Male";63065;"Marketing"
933;"Danella";"dchauveypw@chronoengine.com";"Female";89811;"Marketing"
934;"Lotty";"lwakelypx@tripod.com";"Female";92651;"Support"
935;"Brigham";"bclaybournepy@accuweather.com";"Male";29102;"Sales"
936;"Carmina";"clangdalepz@ucoz.ru";"Female";91177;"Research and Development"
937;"Far";"fgainsburghq0@mysql.com";"Genderfluid";93282;"Research and Development"
938;"Thoma";"tjeanonq1@webs.com";"Male";93771;"Research and Development"
939;"Hebert";"hivancevicq2@arstechnica.com";"Male";91197;"Research and Development"
940;"Sandy";"smccartq3@shop-pro.jp";"Male";79921;"Product Management"
941;"Christopher";"cgatenbyq4@nhs.uk";"Male";87845;"Marketing"
942;"Dukie";"dgonningq5@vk.com";"Male";33021;"Accounting"
943;"Ethelyn";"eanteckiq6@mashable.com";"Female";69515;"Human Resources"
944;"Jolynn";"jreynoolldsq7@economist.com";"Female";50446;"Accounting"
945;"Donelle";"dclelandq8@alexa.com";"Female";84160;"Marketing"
946;"Alix";"adyballq9@admin.ch";"Female";64238;"Marketing"
947;"Minnie";"mwastallqa@netvibes.com";"Female";38230;"Accounting"
948;"Sher";"sbeaversqb@bluehost.com";"Genderqueer";83660;"Legal"
949;"Sayre";"sburwinqc@tinypic.com";"Female";78544;"Accounting"
950;"Filip";"fpepinqd@senate.gov";"Male";26393;"Business Development"
951;"Ruddy";"renglishbyqe@nasa.gov";"Male";93051;"Product Management"
952;"Douglass";"dhuckettqf@imdb.com";"Male";32569;"Product Management"
953;"Sigismondo";"ssamuelqg@goo.gl";"Male";62135;"Engineering"
954;"Dee";"dduferieqh@desdev.cn";"Agender";69918;"Legal"
955;"Virgilio";"vkaszperqi@thetimes.co.uk";"Male";66726;"Human Resources"
956;"Steven";"sframminghamqj@pcworld.com";"Male";95917;"Human Resources"
957;"Darelle";"dspencersqk@slate.com";"Female";61721;"Support"
958;"Farley";"fbrixhamql@archive.org";"Genderfluid";84237;"Business Development"
959;"Mordy";"mginieqm@angelfire.com";"Male";58107;"Accounting"
960;"Binni";"bgableqn@blogspot.com";"Female";87792;"Human Resources"
961;"Tilly";"tabrahamsqo@theatlantic.com";"Female";34453;"Services"
962;"Lorilee";"lsivyerqp@cbsnews.com";"Female";74634;"Support"
963;"Rocky";"rfurnellqq@hp.com";"Male";75254;"Product Management"
964;"Sherman";"smcknishqr@skype.com";"Male";33250;"Accounting"
965;"Theresina";"tbraveryqs@weebly.com";"Agender";77132;"Marketing"
966;"Justen";"jcustanceqt@tinypic.com";"Male";25348;"Product Management"
967;"Bertram";"bbonyqu@businessweek.com";"Male";89823;"Human Resources"
968;"Haleigh";"hcargonqv@soup.io";"Female";40728;"Marketing"
969;"Alicia";"asleggqw@wikispaces.com";"Female";29442;"Research and Development"
970;"Patrice";"pwaliszewskiqx@mashable.com";"Male";97934;"Sales"
971;"Donn";"dklussqy@upenn.edu";"Agender";47601;"Training"
972;"Yves";"yeastmondqz@jugem.jp";"Male";80869;"Research and Development"
973;"Kellen";"kmunktonr0@spotify.com";"Male";71762;"Business Development"
974;"Ario";"abluer1@uiuc.edu";"Male";61618;"Human Resources"
975;"Brynne";"bfurbyr2@google.fr";"Female";74723;"Engineering"
976;"Ginnie";"gminchintonr3@issuu.com";"Female";72666;"Research and Development"
977;"Stevy";"sspinir4@bloglines.com";"Male";40674;"Product Management"
978;"Lucilia";"ltapperr5@guardian.co.uk";"Female";55243;"Support"
979;"Morna";"mbendittr6@lycos.com";"Female";37996;"Engineering"
980;"Joeann";"jgryglewskir7@walmart.com";"Female";58866;"Training"
981;"Silvio";"strinkwonr8@wikia.com";"Male";98057;"Sales"
982;"Ambrosi";"asmoughtonr9@netlog.com";"Polygender";63386;"Training"
983;"Zelma";"zrissora@yellowbook.com";"Female";35566;"Product Management"
984;"Brietta";"bdanceyrb@flavors.me";"Agender";32055;"Training"
985;"Renee";"rbanaszczykrc@wp.com";"Polygender";78224;"Legal"
986;"Ram";"rbrufordrd@creativecommons.org";"Male";62124;"Support"
987;"Ursola";"ubehnre@flavors.me";"Female";84859;"Legal"
988;"Darci";"dguyverrf@hostgator.com";"Female";65439;"Human Resources"
989;"Aloysius";"astenningsrg@google.ca";"Male";46065;"Engineering"
990;"Brad";"bhallbirdrh@amazon.co.uk";"Male";29450;"Human Resources"
991;"Cate";"cfinckeri@blogger.com";"Female";33726;"Training"
992;"My";"mstanlikerj@princeton.edu";"Male";48194;"Support"
993;"Hermione";"hprovisrk@toplist.cz";"Female";28928;"Research and Development"
994;"Fredek";"fnovakrl@oracle.com";"Male";46516;"Business Development"
995;"Petra";"pswynrm@icio.us";"Female";59831;"Product Management"
996;"Reta";"rgillbanksrn@nih.gov";"Female";54389;"Training"
997;"Mord";"mgindghillro@jugem.jp";"Male";43331;"Marketing"
998;"Darrick";"delwelrp@soundcloud.com";"Male";33215;"Training"
999;"Bryon";"bbonomerq@google.pl";"Non-binary";84609;"Product Management"
1000;"Jeremy";"jgradleyrr@china.com.cn";"Male";45949;"Engineering"
