"student_code";"first_name";"last_name";"student_email";"student_mobile_number";"batch_name";"course_name";"student_age";"student_hobby"
"fw28_002";"Arjun";"Kumar";"arjun@gmail.com";"2233445566";"fw28";"PBS-201,DB-101";20;"Drawing"
"fw28_003";"Priya";"Singh";"priya@gmail.com";"3344556677";"fw28";"PBS-201,DB-101";18;"Dancing"
"fw28_004";"Rohit";"Sharma";"rohit@gmail.com";"4455667788";"fw28";"PBS-201,DB-101";21;"Cricket"
"fw28_005";"Anjali";"Patel";"anjali@gmail.com";"5566778899";"fw28";"PBS-201,DB-101";19;"Painting"
"fw28_006";"Suresh";"Reddy";"suresh@gmail.com";"6677889900";"fw28";"PBS-201,DB-101";22;"Hiking"
"fw28_007";"Maya";"Gupta";"maya@gmail.com";"7788990011";"fw28";"PBS-201,DB-101";20;"Writing"
"fw28_008";"Aman";"Chauhan";"aman@gmail.com";"8899001122";"fw28";"PBS-201,DB-101";18;"Gaming"
"fw28_009";"Neha";"Bajaj";"neha@gmail.com";"9900112233";"fw28";"PBS-201,DB-101";21;"Photography"
"fw28_010";"Vishal";"Desai";"vishal@gmail.com";"1122334455";"fw28";"PBS-201,DB-101";19;"Cooking"
